subreddit_name,post_created_utc,id,is_original_content,is_self,link_flair_text,locked,num_comments,over_18,score,spoiler,stickied,title,upvote_ratio,url
bangalore,1704069070.0,18vl148,False,True,,False,406,False,16,False,True,January 2024 - Events/Rental/PGs/Jobs & Internships/Classifieds Thread,0.86,https://www.reddit.com/r/bangalore/comments/18vl148/january_2024_eventsrentalpgsjobs/
bangalore,1704069072.0,18vl14w,False,True,,False,102,False,9,False,True,January 2024 - Monthly Questions and General Discussion thread,0.91,https://www.reddit.com/r/bangalore/comments/18vl14w/january_2024_monthly_questions_and_general/
bangalore,1705893056.0,19clqur,False,False,,True,30,False,520,False,False,Saw this on my whatsapp so posting it here,0.98,https://i.redd.it/b6r41stvrwdc1.jpeg
bangalore,1705847316.0,19c4k0h,False,False,,False,61,False,1365,False,False,Auto dude got no chill.,0.93,https://i.redd.it/iov2ld5lzsdc1.jpeg
bangalore,1705816885.0,19bwlf7,False,False,,False,151,False,1338,False,False,Inflation right there,0.95,https://i.redd.it/b58p4m3ehqdc1.jpeg
bangalore,1705852125.0,19c68zc,False,False,Media,False,21,False,157,False,False,Cars parked in Lavelle road,0.98,https://i.redd.it/kswf1h74etdc1.jpeg
bangalore,1705901861.0,19cogq8,False,False,,False,2,False,7,False,False,Bad experience with Healthians,0.89,https://www.reddit.com/gallery/19cogq8
bangalore,1705866600.0,19cbyax,False,True,,False,12,False,40,False,False,I wish Bangalore had more footpaths.,0.93,https://www.reddit.com/r/bangalore/comments/19cbyax/i_wish_bangalore_had_more_footpaths/
bangalore,1705819036.0,19bx5xu,False,True,,False,168,False,351,False,False,Got beaten up first time in 5years in blr,0.87,https://www.reddit.com/r/bangalore/comments/19bx5xu/got_beaten_up_first_time_in_5years_in_blr/
bangalore,1705869918.0,19cda5n,False,True,,False,14,False,22,False,False,Airport Cab,0.89,https://www.reddit.com/r/bangalore/comments/19cda5n/airport_cab/
bangalore,1705836422.0,19c1fmw,False,False,AskBangalore,False,33,False,104,False,False,Why does this metro viaduct abruptly end near Jayanagar metro station?,0.94,https://i.redd.it/dttqkjfh3sdc1.jpeg
bangalore,1705822632.0,19by2y2,False,False,Serious Replies,False,23,False,185,False,False,BBMP is getting rid of all the common dustbins in our area,0.97,https://i.redd.it/i340onehyqdc1.jpeg
bangalore,1705901942.0,19cohjs,False,True,,False,2,False,3,False,False,Youtube Channel - Who's up?,0.71,https://www.reddit.com/r/bangalore/comments/19cohjs/youtube_channel_whos_up/
bangalore,1705831620.0,19c093u,False,False,,False,44,False,106,False,False,Bengaluru's Namma Metro Yellow Line Launch Postponed To July: Delay In Coach Delivery From China Blamed,0.95,https://www.oneindia.com/bengaluru/bengalurus-namma-metro-yellow-line-launch-postponed-to-july-delay-in-coach-delivery-from-china-bla-3730295.html
bangalore,1705837753.0,19c1ri5,False,True,,False,99,False,73,False,False,Exclusive app for Bengaluru,0.81,https://www.reddit.com/r/bangalore/comments/19c1ri5/exclusive_app_for_bengaluru/
bangalore,1705892207.0,19clgt0,False,True,AskBangalore,False,6,False,4,False,False,Would anyone e interested in a support group/community that has monthly meetups?,0.7,https://www.reddit.com/r/bangalore/comments/19clgt0/would_anyone_e_interested_in_a_support/
bangalore,1705809063.0,19bucvl,False,False,,False,30,False,277,False,False,33 Kms cycling ride with two fellow Redditors.,0.98,https://www.reddit.com/gallery/19bucvl
bangalore,1705761840.0,19bd8so,False,False,Suggestions,False,806,False,3264,False,False,Hi Bangalore! I'm working on a game where you are an auto driver in Bangalore.,0.94,https://i.redd.it/3tvkfavpxldc1.png
bangalore,1705902751.0,19copln,False,False,News,False,2,False,2,False,False,"Bengaluru woman seeks astrologer's help to reunite with lover, loses Rs 8.2 lakh | Bengaluru News - Times of India",1.0,https://timesofindia.indiatimes.com/city/bengaluru/woman-seeks-astrologers-help-to-reunite-with-lover-loses-rs-8-2l/articleshow/107038518.cms
bangalore,1705842130.0,19c2y7i,False,True,Serious Replies,False,43,True,38,False,False,Can anyone give me information about abortion clinics in Bangalore?,0.82,https://www.reddit.com/r/bangalore/comments/19c2y7i/can_anyone_give_me_information_about_abortion/
bangalore,1705865543.0,19cbj63,False,True,AskBangalore,False,3,False,8,False,False,what are the roads to avoid while driving at late night,0.79,https://www.reddit.com/r/bangalore/comments/19cbj63/what_are_the_roads_to_avoid_while_driving_at_late/
bangalore,1705904960.0,19cpb54,False,True,,False,0,False,1,False,False,"Boxing, Muay Thai or MMA classes.",1.0,https://www.reddit.com/r/bangalore/comments/19cpb54/boxing_muay_thai_or_mma_classes/
bangalore,1705904934.0,19cpavs,False,True,Suggestions,False,0,False,1,False,False,Things to do with a Metro day pass?,1.0,https://www.reddit.com/r/bangalore/comments/19cpavs/things_to_do_with_a_metro_day_pass/
bangalore,1705904837.0,19cpa00,False,False,Serious Replies,False,0,False,1,False,False,Guys Need a little help,1.0,https://forms.gle/JiewtBHTegvDEAeQA
bangalore,1705904586.0,19cp7qd,False,True,AskBangalore,False,1,False,1,False,False,Bangalore defence fairs,1.0,https://www.reddit.com/r/bangalore/comments/19cp7qd/bangalore_defence_fairs/
bangalore,1705845342.0,19c3x8i,False,True,AskBangalore,False,60,False,19,False,False,What about Bangalore that genuinely scares you?,0.73,https://www.reddit.com/r/bangalore/comments/19c3x8i/what_about_bangalore_that_genuinely_scares_you/
bangalore,1705836967.0,19c1kdw,False,False,,False,2,False,25,False,False,Help search for Bella,0.86,https://i.redd.it/f5qtooo35sdc1.jpeg
bangalore,1705892517.0,19clkk1,False,True,,False,6,False,2,False,False,Pillars Near RR Nagar,0.62,https://www.reddit.com/r/bangalore/comments/19clkk1/pillars_near_rr_nagar/
bangalore,1705890735.0,19ckz2z,False,True,,False,16,False,0,False,False,How have you planned your Health insurances?,0.5,https://www.reddit.com/r/bangalore/comments/19ckz2z/how_have_you_planned_your_health_insurances/
bangalore,1705889024.0,19ckfey,False,True,AskBangalore,False,0,False,1,False,False,Interior Designer,0.56,https://www.reddit.com/r/bangalore/comments/19ckfey/interior_designer/
bangalore,1705865568.0,19cbjjo,False,True,AskBangalore,False,3,False,3,False,False,What happened to towing scam ?,0.64,https://www.reddit.com/r/bangalore/comments/19cbjjo/what_happened_to_towing_scam/
bangalore,1705893166.0,19cls2f,False,True,AskBangalore,False,6,False,0,False,False,Best place to chill on Monday night,0.44,https://www.reddit.com/r/bangalore/comments/19cls2f/best_place_to_chill_on_monday_night/
bangalore,1705784400.0,19blrar,False,True,,False,27,False,122,False,False,The vegetables are contaminated with heavy metal,0.96,https://www.reddit.com/r/bangalore/comments/19blrar/the_vegetables_are_contaminated_with_heavy_metal/
bangalore,1705874897.0,19cfauu,False,True,Suggestions,False,0,False,1,False,False,Things to do in/around the city,0.67,https://www.reddit.com/r/bangalore/comments/19cfauu/things_to_do_inaround_the_city/
bangalore,1705864339.0,19cb20d,False,True,AskBangalore,False,2,False,0,False,False,which branded Clothes are manufactured in bangalore? are they cheaper compared to other india?,0.33,https://www.reddit.com/r/bangalore/comments/19cb20d/which_branded_clothes_are_manufactured_in/
bangalore,1705825196.0,19bypep,False,True,AskBangalore,False,6,False,7,False,False,Water Situation in Bangalore,0.77,https://www.reddit.com/r/bangalore/comments/19bypep/water_situation_in_bangalore/
bangalore,1705846887.0,19c4f3z,False,True,,False,5,False,0,False,False,Confused between hybrid solar setup and on grid+seperate inverter,0.5,https://www.reddit.com/r/bangalore/comments/19c4f3z/confused_between_hybrid_solar_setup_and_on/
bangalore,1705856713.0,19c80fu,False,True,AskBangalore,False,0,False,0,False,False,Nandi Hills bus info,0.25,https://www.reddit.com/r/bangalore/comments/19c80fu/nandi_hills_bus_info/
bangalore,1705812376.0,19bvaww,False,True,AskBangalore,False,4,False,3,False,False,Why do I see so many abandoned cars in residential areas?,0.6,https://www.reddit.com/r/bangalore/comments/19bvaww/why_do_i_see_so_many_abandoned_cars_in/
bangalore,1705825690.0,19bytom,False,True,,False,4,False,1,False,False,Whatâ€™s up with vehicles moving in the wrong lane in Nagasandra area?,0.54,https://www.reddit.com/r/bangalore/comments/19bytom/whats_up_with_vehicles_moving_in_the_wrong_lane/
bangalore,1705734132.0,19b5wes,False,True,AskBangalore,False,59,False,156,False,False,Beggars on the go?!,0.94,https://www.reddit.com/r/bangalore/comments/19b5wes/beggars_on_the_go/
bangalore,1705720160.0,19b1ucc,False,False,,False,38,False,312,False,False,25Kms Cycling ride! Best roads listed below.,0.97,https://www.reddit.com/gallery/19b1ucc
bangalore,1705733401.0,19b5ply,False,True,AskBangalore,False,93,False,117,False,False,Have you encountered such hijras,0.9,https://www.reddit.com/r/bangalore/comments/19b5ply/have_you_encountered_such_hijras/
bangalore,1705719249.0,19b1jip,False,False,,False,18,False,226,False,False,Kittens for adoption,0.96,https://i.redd.it/16lro7g2fidc1.jpeg
bangalore,1705810874.0,19buvjg,False,True,,False,3,False,3,False,False,How does water & sewage system works in the newish layouts?,0.71,https://www.reddit.com/r/bangalore/comments/19buvjg/how_does_water_sewage_system_works_in_the_newish/
bangalore,1705724362.0,19b35ue,False,True,,False,102,False,87,False,False,"Coming back to Bangalore after 5 years, anything changed?",0.78,https://www.reddit.com/r/bangalore/comments/19b35ue/coming_back_to_bangalore_after_5_years_anything/
bangalore,1705805369.0,19bt88e,False,True,AskBangalore,False,5,False,1,False,False,Leather Binding Bangalore,0.6,https://www.reddit.com/r/bangalore/comments/19bt88e/leather_binding_bangalore/
bangalore,1705734046.0,19b5vio,False,True,,False,54,False,33,False,False,What's the most inspired piece of food you've had in Bengaluru?,0.86,https://www.reddit.com/r/bangalore/comments/19b5vio/whats_the_most_inspired_piece_of_food_youve_had/
bangalore,1705722971.0,19b2qd4,False,False,,False,9,False,43,False,False,BBMP to go all out to stop animal cruelty,0.92,https://bangaloremirror.indiatimes.com/bangalore/civic/bbmp-to-go-all-out-to-stop-animal-cruelty/articleshow/106997099.cms
bangalore,1705774950.0,19bi4po,False,False,,False,3,False,2,False,False,Free kittens who need a home ðŸ˜¢,0.57,https://www.reddit.com/gallery/19bi4po
BangaloreTechie,1635263144.0,qg9a4x,False,False,,False,3,False,18,False,True,Bengaluru techie kidnapped and held captive for a month in Chennai,0.96,https://indianexpress.com/article/cities/chennai/bengaluru-techie-kidnapped-and-held-captive-for-a-month-in-chennai-7591288/
BangaloreTechie,1662944274.0,xbz0fe,False,False,,False,0,False,6,False,True,"Techie arrested for trying to sell leopard skin, nails, teeth",1.0,https://www.thehindu.com/news/cities/bangalore/techie-arrested-for-trying-to-sell-leopard-skin-nails-teeth/article65866156.ece
BangaloreTechie,1662919742.0,xbpbya,False,False,,False,0,False,31,False,False,Normal day in Bangalore,0.98,https://i.redd.it/8qc9wz3lj6n91.jpg
BangaloreTechie,1662393960.0,x6jv9l,False,False,,False,1,False,8,False,False,"Thrown out of Manipal pub, Bengaluru techie goes on rampage",1.0,https://www.newindianexpress.com/states/karnataka/2022/sep/05/thrown-out-of-manipal-pub-bengaluru-techie-goes-on-rampage-2494944.html
BangaloreTechie,1662015023.0,x30mej,False,False,,False,1,False,0,False,False,"Java Job for freshers, Bannerghatta road, Blr, 1 km from Christ college, in office 100%",0.2,/r/sel2in/comments/x30lot/java_job_for_freshers_bannerghatta_road_blr_1_km/
BangaloreTechie,1661855400.0,x1filj,False,False,,False,0,False,10,False,False,"#Bengaluru tech-corridor, starting from #SilkBoard junction to #Ecospace tech park, has been inundated. Techies are forced to ease through knee-deep water to reach workplaces. Meanwhile, weathermen have issued yellow alert (heavy rain) for Bengaluru",1.0,https://twitter.com/TOIBengaluru/status/1564482100790964224?s=19
BangaloreTechie,1661793022.0,x0u39f,False,False,,False,0,False,1,False,False,Techie among two killed in separate accidents in Bengaluru,0.67,https://www.thehindu.com/news/cities/bangalore/techie-among-two-killed-in-separate-accidents-in-bengaluru/article65822296.ece
BangaloreTechie,1661618213.0,wz78ta,False,False,,False,0,False,6,False,False,"Student, techie get cheated by escort service, file complaint",0.88,https://www.thehindu.com/news/cities/bangalore/student-techie-get-cheated-by-escort-service-file-complaint/article65818156.ece
BangaloreTechie,1661526607.0,wybo0t,False,False,,False,0,False,6,False,False,Bengalureans are turning their dogs into influencers,1.0,https://www.deccanherald.com/metrolife/metrolife-your-bond-with-bengaluru/bengalureans-are-turning-their-dogs-into-influencers-1139362.html
BangaloreTechie,1660755963.0,wqubji,False,False,,False,0,False,6,False,False,Techie falls prey to KYC fraud,1.0,https://bangaloremirror.indiatimes.com/bangalore/crime/techie-falls-prey-to-kyc-fraud/articleshow/93546773.cms
BangaloreTechie,1660660960.0,wpw3xq,False,False,,False,0,False,5,False,False,Techie hoisting flag slips to his death in Bengaluru: Times of India,0.86,https://timesofindia.indiatimes.com/city/bengaluru/techie-hoisting-flag-slips-to-his-death-in-bengaluru/articleshow/93563403.cms
BangaloreTechie,1660283234.0,wmdco7,False,False,,False,0,False,7,False,False,BENGALURU TECHIE TO TRACE INDIAâ€™S MAP ON A BICYCLE,1.0,https://bangaloremirror.indiatimes.com/bangalore/others/bengaluru-techie-to-trace-indias-map-on-a-bicycle/articleshow/93486841.cms
BangaloreTechie,1659521558.0,wf2r0j,False,False,,False,0,False,10,False,False,"Robbers pose as gays, rob Bengaluru techie after inviting him on date",0.92,https://www.tribuneindia.com/news/nation/robbers-pose-as-gays-rob-bengaluru-techie-after-inviting-him-on-date-418407
BangaloreTechie,1659343796.0,wdcg7x,False,False,,False,0,False,3,False,False,Techie Loses 65l To Online Friend | Bengaluru News - Times of India,1.0,https://timesofindia.indiatimes.com/city/bengaluru/techie-loses-65l-to-online-friend/articleshow/93196962.cms
BangaloreTechie,1659092301.0,wb1r4b,False,False,,False,0,False,7,False,False,"rider feigns accident injury to extort Rs 40,000 from techie",1.0,https://bangaloremirror.indiatimes.com/bangalore/crime/rider-feigns-accident-injury-to-extort-rs-40000-from-techie/articleshow/93170237.cms
BangaloreTechie,1658943226.0,w9ku77,False,False,,False,0,False,6,False,False,Techies working as Rapidly driver on weekends to talk to new people,0.88,https://www.hindustantimes.com/cities/bengaluru-news/peak-bengaluru-engineer-works-as-rapido-driver-on-weekends-to-talk-to-new-people-101658829166326.html
BangaloreTechie,1658506085.0,w5ecic,False,True,,False,0,False,5,False,False,Need advice on interviews,0.86,https://www.reddit.com/r/BangaloreTechie/comments/w5ecic/need_advice_on_interviews/
BangaloreTechie,1658085802.0,w1f5ta,False,False,,False,0,False,7,False,False,Techie loses 45 lakhs.,1.0,https://www.thehindu.com/news/cities/bangalore/loan-app-harassment-techie-loses-45-lakh-gets-threat-calls/article65634644.ece
BangaloreTechie,1657469224.0,vvuoxs,False,False,,False,0,False,1,False,False,Unsung Heroes: Tara Krishnaswamy â€” From techie to fighter for political rights of women,1.0,https://indianexpress.com/article/cities/bangalore/unsung-heroes-tara-krishnaswamy-from-techie-to-fighter-for-political-rights-of-women-8018901/
BangaloreTechie,1657295181.0,vudr7i,False,False,,False,2,False,15,False,False,Cops bust two Bengaluru based companies Ethical Infotech Pvt Ltd &amp; Gayathri Tech Park in Whitefield for running an organized fake cyber call centre that duped hundreds of people. 72 employees including kingpins arrested. Callers mainly targeted victims from the US,1.0,https://twitter.com/dpkBopanna/status/1545334321908568067
BangaloreTechie,1657270498.0,vu67jd,False,False,,False,0,False,2,False,False,Work from theatre ?,1.0,https://www.reddit.com/gallery/vu5yzo
BangaloreTechie,1657111324.0,vsp4lm,False,False,,False,0,False,11,False,False,Techie Asking If He Can Bring His Mom For Salary Negotiation Call Is All Of Us Who Can't Bargain,0.92,https://www.scoopwhoop.com/humor/man-asked-to-bring-his-mother-to-salary-negotiation/
BangaloreTechie,1656920642.0,vr22mc,False,False,,False,0,False,0,False,False,Bengaluru techie to ace fact-checker: Alt News co-founder Zubair,0.5,https://www.thenewsminute.com/article/bengaluru-techie-ace-fact-checker-alt-news-co-founder-zubair-165483
BangaloreTechie,1656235378.0,vl0u02,False,False,,False,0,False,8,False,False,"""94 lpa is too low for a 32 yo techie""",1.0,https://www.reddit.com/r/bangalore/comments/vki2tk/just_bangalore_things/?utm_medium=android_app&utm_source=share
BangaloreTechie,1655992946.0,vixnos,False,False,,False,0,False,6,False,False,Techie Held For Ruckus In Bar | Bengaluru News - Times of India,0.88,https://www.reddit.com/r/bangalore/comments/viw245/techie_held_for_ruckus_in_bar_bengaluru_news/
BangaloreTechie,1655539183.0,vf1cti,False,False,,False,0,False,8,False,False,'Donkey milk for everyone': Mangaluru man gives up IT career for unusual path,0.91,https://www.hindustantimes.com/cities/bengaluru-news/donkey-milk-for-everyone-mangaluru-man-gives-up-it-career-for-unusual-path-101655360246717.html
BangaloreTechie,1654928009.0,v9rb6c,False,False,,False,0,False,28,False,False,Tech gender,0.98,https://i.redd.it/swb90876kx491.jpg
BangaloreTechie,1654689132.0,v7nsk6,False,True,,False,10,False,11,False,False,"F***ed by startup, what next?",1.0,https://www.reddit.com/r/BangaloreTechie/comments/v7nsk6/fed_by_startup_what_next/
BangaloreTechie,1654588369.0,v6ppj9,False,False,,False,0,False,8,False,False,"Techie in Bangalore ends life, husband arrested",0.91,https://www.newindianexpress.com/cities/bengaluru/2022/jun/06/techie-in-bangalore-ends-life-husband-arrested-2462232.html
BangaloreTechie,1653883756.0,v0ru4p,False,False,,False,0,False,9,False,False,Techie offers gifts to children lining up at Raichur library,1.0,https://indianexpress.com/article/cities/bangalore/karnataka-techie-gifts-children-raichur-library-7942628/
BangaloreTechie,1653807423.0,v05ngh,False,False,,False,0,False,14,False,False,"Delivery Boy, Who Worked At Ola, Zomato Swiggy, Becomes It Engineer In Bengaluru | Mint",1.0,https://www.livemint.com/news/india/delivery-boy-who-worked-at-ola-zomato-swiggy-becomes-it-engineer-in-bengaluru-11653717152479.html
BangaloreTechie,1653494296.0,uxki2g,False,False,,False,0,False,17,False,False,Bengaluru: Hospital uses 3D printed implant technology to save techie from bone cancer,1.0,https://www.thehansindia.com/karnataka/hospital-uses-3d-printed-implant-technology-to-save-techie-from-bone-cancer-744633
BangaloreTechie,1653315010.0,uw12y5,False,False,,False,0,False,8,False,False,Techie: Builder resold my flat,1.0,https://www.newindianexpress.com/cities/bengaluru/2022/may/21/techie-builder-resold-my-flat-2456084.html
BangaloreTechie,1653274345.0,uvqk85,False,False,,False,0,False,8,False,False,Bengaluru: Techie convicted of killing wife sees sentence reduced from life to 10 years | Bengaluru News - Times of India,0.91,https://timesofindia.indiatimes.com/city/bengaluru/bengaluru-techie-convicted-of-killing-wife-sees-sentence-reduced-from-life-to-10-years/articleshow/91717040.cms
BangaloreTechie,1653154002.0,uurs17,False,False,,False,0,False,22,False,False,These techies do be wilding,1.0,https://i.redd.it/a7w5q6c26v091.jpg
BangaloreTechie,1653123616.0,uuj9jd,False,False,,False,0,False,5,False,False,Karnataka HC refuses to give Bengaluru techie his job back; Here's why | Bengaluru,0.86,https://www.hindustantimes.com/cities/bengaluru-news/karnataka-hc-refuses-to-give-bengaluru-techie-his-job-back-here-s-why-101652963965049.html
BangaloreTechie,1652785632.0,urjz7t,False,False,,False,0,False,13,False,False,"Techie Cheats 4 Of 78lakhs, Loses All In Online Games | Bengaluru News - Times of India",0.94,https://m.timesofindia.com/city/bengaluru/techie-cheats-4-of-78l-loses-all-in-online-games/articleshow/91583239.cms
BangaloreTechie,1652438431.0,uoouhz,False,False,,False,0,False,9,False,False,"Bengaluru family: Bengaluru Family Flying To US Spends 8lakh, Gets A Raw Deal | Bengaluru News - Times of India",1.0,https://www.reddit.com/r/bangalore/comments/uomev3/bengaluru_family_bengaluru_family_flying_to_us/?utm_medium=android_app&utm_source=share
BangaloreTechie,1651980916.0,ukt9ar,False,False,,False,1,False,11,False,False,BangaloreTechie gets scammed at MG Road (shitpost),1.0,/r/bangalore/comments/ukh8wi/rotten_cherries_at_mg_road/
BangaloreTechie,1651425456.0,ug4kzy,False,False,,False,0,False,13,False,False,"Bengaluru: Man poses as PMO staff, cons techie of Rs 89 lakh",0.94,https://timesofindia.indiatimes.com/city/bengaluru/man-poses-as-pmo-staff-cons-techie-of-89l/articleshow/91222448.cms
BangaloreTechie,1650894916.0,ublpvs,False,False,,False,2,False,9,False,False,Techie rears sheep in his house in Bengaluru,0.92,https://www.thehindu.com/news/cities/bangalore/techie-rears-sheep-in-his-house-in-bengaluru/article65351541.ece/amp/
BangaloreTechie,1650637844.0,u9g0wy,False,False,,False,0,False,2,False,False,"CCB officer, assistant in dock for harassing physically challenged techie in Bengaluru",1.0,https://www.thehindu.com/news/cities/bangalore/ccb-officer-assistant-in-dock-for-harassing-physically-challenged-techie/article65329788.ece
BangaloreTechie,1650449910.0,u7t87h,False,False,,False,0,False,8,False,False,"Friends steal techieâ€™s car, nabbed",1.0,https://www.newindianexpress.com/cities/bengaluru/2022/apr/17/friends-steal-techies-car-nabbed-2443001.html
BangaloreTechie,1649584560.0,u0eh47,False,False,,False,0,False,9,False,False,"Bengaluru: Cops, â€˜FIR-waryâ€™ techie lock horns on Twitter | Bengaluru News - Times of India",1.0,https://timesofindia.indiatimes.com/city/bengaluru/cops-fir-wary-techie-lock-horns-on-twitter/articleshow/90715825.cms
BangaloreTechie,1648715267.0,tsv69r,False,False,,False,0,False,28,False,False,Chad techie,0.95,https://i.redd.it/u7zdqnt6boq81.jpg
BangaloreTechie,1648639435.0,ts47wt,False,False,,False,0,False,6,False,False,"Suitcase Swap: Bengaluru Techie Spots 'weak Link' On Airline Portal, Traces Co-flyer",1.0,https://timesofindia.indiatimes.com/city/bengaluru/suitcase-swap-bengaluru-techie-spots-weak-link-on-airline-portal-traces-co-flyer/articleshow/90528326.cms?utm_source=facebook.com&utm_medium=social&utm_campaign=TOI&from=mdr
BangaloreTechie,1648269173.0,togx7m,False,False,,True,1,False,4,False,False,"Sacked Man Tries To Kill Hr Manager, Arrested | Bengaluru News - Times of India",1.0,https://timesofindia.indiatimes.com/city/bengaluru/sacked-man-tries-to-kill-hr-manager-arrested/articleshow/90450798.cms
BangaloreTechie,1647269613.0,tdzady,False,False,,False,1,False,4,False,False,The title,0.75,https://www.hindustantimes.com/cities/bengaluru-news/techie-dies-after-falling-into-a-pothole-in-bengaluru-101647262408897.html
BangaloreTechie,1646912701.0,tawwnz,False,False,,False,0,False,8,False,False,"Bengaluru: Man held for stealing 9 laptops, 5 phones from the residence of techies",0.91,https://www.reddit.com/r/bangalore/comments/ta0gxh/bengaluru_man_held_for_stealing_9_laptops_5/
BangaloreTechie,1645886446.0,t1ykjy,False,False,,False,0,False,10,False,False,Bengaluru techie-turned-farmer to host farming workshop,1.0,https://www.reddit.com/r/bangalore/comments/sxqdzg/bengaluru_techieturnedfarmer_to_host_farming/
